{"UUID":"xzbu9stV2yYNXfceEKdRA6","layoutMainAxisSizing":null,"layoutCrossAxisSizing":null,"name":"Snaptube","isVisible":true,"boundaryRectangle":null,"style":null,"prototypeNodeUUID":null,"child":null,"constraints":null,"debug":false,"pngPath":"/usr/src/app/temp-out/pb-tmp-c4c7e30c-0589-4933-bcdf-909727ad53d1/thisistest/lib/assets/images","pages":[{"UUID":"0:1","layoutMainAxisSizing":null,"layoutCrossAxisSizing":null,"name":"Interfaces","isVisible":true,"boundaryRectangle":null,"style":null,"prototypeNodeUUID":null,"child":null,"constraints":null,"convert":true,"screens":[],"pbdlType":"page"},{"UUID":"69:1046","layoutMainAxisSizing":null,"layoutCrossAxisSizing":null,"name":"Design System","isVisible":true,"boundaryRectangle":null,"style":null,"prototypeNodeUUID":null,"child":null,"constraints":null,"convert":true,"screens":[],"pbdlType":"page"},{"UUID":"82:1062","layoutMainAxisSizing":null,"layoutCrossAxisSizing":null,"name":"Cover","isVisible":true,"boundaryRectangle":null,"style":null,"prototypeNodeUUID":null,"child":null,"constraints":null,"convert":true,"screens":[],"pbdlType":"page"}],"miscPages":[],"sharedStyles":[],"globalStyles":{"UUID":"","layoutMainAxisSizing":null,"layoutCrossAxisSizing":null,"name":"","isVisible":false,"boundaryRectangle":null,"style":null,"prototypeNodeUUID":null,"child":null,"constraints":null,"pbdlType":"global_styles","designSystem":"material2","colors":[{"UUID":"9:67","layoutMainAxisSizing":null,"layoutCrossAxisSizing":null,"name":"Primary Colors/ Yellow","isVisible":false,"boundaryRectangle":null,"style":null,"prototypeNodeUUID":null,"child":null,"constraints":null,"description":"","pbdlType":"global_color","color":{"a":1.0,"r":0.9833333492279053,"g":0.7985484004020691,"b":0.14340275526046753}},{"UUID":"9:76","layoutMainAxisSizing":null,"layoutCrossAxisSizing":null,"name":"Dark Yellow/2","isVisible":false,"boundaryRectangle":null,"style":null,"prototypeNodeUUID":null,"child":null,"constraints":null,"description":"","pbdlType":"global_color","color":{"a":1.0,"r":0.45490196347236633,"g":0.37254902720451355,"b":0.06666667014360428}},{"UUID":"9:77","layoutMainAxisSizing":null,"layoutCrossAxisSizing":null,"name":"Dark Yellow/3","isVisible":false,"boundaryRectangle":null,"style":null,"prototypeNodeUUID":null,"child":null,"constraints":null,"description":"","pbdlType":"global_color","color":{"a":1.0,"r":0.7215686440467834,"g":0.5843137502670288,"b":0.10588235408067703}},{"UUID":"9:78","layoutMainAxisSizing":null,"layoutCrossAxisSizing":null,"name":"Dark Yellow/4","isVisible":false,"boundaryRectangle":null,"style":null,"prototypeNodeUUID":null,"child":null,"constraints":null,"description":"","pbdlType":"global_color","color":{"a":1.0,"r":0.9882352948188782,"g":0.8549019694328308,"b":0.37254902720451355}},{"UUID":"9:79","layoutMainAxisSizing":null,"layoutCrossAxisSizing":null,"name":"Dark Yellow/5","isVisible":false,"boundaryRectangle":null,"style":null,"prototypeNodeUUID":null,"child":null,"constraints":null,"description":"","pbdlType":"global_color","color":{"a":1.0,"r":0.9921568632125854,"g":0.9058823585510254,"b":0.6039215922355652}},{"UUID":"9:80","layoutMainAxisSizing":null,"layoutCrossAxisSizing":null,"name":"Dark Yellow/6","isVisible":false,"boundaryRectangle":null,"style":null,"prototypeNodeUUID":null,"child":null,"constraints":null,"description":"","pbdlType":"global_color","color":{"a":1.0,"r":0.9960784316062927,"g":0.9607843160629272,"b":0.8313725590705872}},{"UUID":"9:71","layoutMainAxisSizing":null,"layoutCrossAxisSizing":null,"name":"Dark Color/4","isVisible":false,"boundaryRectangle":null,"style":null,"prototypeNodeUUID":null,"child":null,"constraints":null,"description":"","pbdlType":"global_color","color":{"a":1.0,"r":0.5882353186607361,"g":0.5882353186607361,"b":0.5882353186607361}},{"UUID":"9:65","layoutMainAxisSizing":null,"layoutCrossAxisSizing":null,"name":"Primary Colors/ White","isVisible":false,"boundaryRectangle":null,"style":null,"prototypeNodeUUID":null,"child":null,"constraints":null,"description":"","pbdlType":"global_color","color":{"a":1.0,"r":1.0,"g":1.0,"b":1.0}},{"UUID":"9:66","layoutMainAxisSizing":null,"layoutCrossAxisSizing":null,"name":"Primary Colors/ Black","isVisible":false,"boundaryRectangle":null,"style":null,"prototypeNodeUUID":null,"child":null,"constraints":null,"description":"","pbdlType":"global_color","color":{"a":1.0,"r":0.08627451211214066,"g":0.08627451211214066,"b":0.08627451211214066}},{"UUID":"9:70","layoutMainAxisSizing":null,"layoutCrossAxisSizing":null,"name":"Dark Color/3","isVisible":false,"boundaryRectangle":null,"style":null,"prototypeNodeUUID":null,"child":null,"constraints":null,"description":"","pbdlType":"global_color","color":{"a":1.0,"r":0.3529411852359772,"g":0.3529411852359772,"b":0.3529411852359772}},{"UUID":"9:68","layoutMainAxisSizing":null,"layoutCrossAxisSizing":null,"name":"Dark Color/1","isVisible":false,"boundaryRectangle":null,"style":null,"prototypeNodeUUID":null,"child":null,"constraints":null,"description":"","pbdlType":"global_color","color":{"a":1.0,"r":0.08235294371843338,"g":0.08235294371843338,"b":0.08235294371843338}},{"UUID":"119:1533","layoutMainAxisSizing":null,"layoutCrossAxisSizing":null,"name":"State Color/ Success","isVisible":false,"boundaryRectangle":null,"style":null,"prototypeNodeUUID":null,"child":null,"constraints":null,"description":"","pbdlType":"global_color","color":{"a":1.0,"r":0.08156251907348633,"g":0.7250000238418579,"b":0.33893758058547974}},{"UUID":"9:74","layoutMainAxisSizing":null,"layoutCrossAxisSizing":null,"name":"Dark Color/6","isVisible":false,"boundaryRectangle":null,"style":null,"prototypeNodeUUID":null,"child":null,"constraints":null,"description":"","pbdlType":"global_color","color":{"a":1.0,"r":0.9450980424880981,"g":0.9450980424880981,"b":0.9450980424880981}},{"UUID":"9:73","layoutMainAxisSizing":null,"layoutCrossAxisSizing":null,"name":"Dark Color/ 5","isVisible":false,"boundaryRectangle":null,"style":null,"prototypeNodeUUID":null,"child":null,"constraints":null,"description":"","pbdlType":"global_color","color":{"a":1.0,"r":0.8274509906768799,"g":0.8274509906768799,"b":0.8274509906768799}},{"UUID":"9:75","layoutMainAxisSizing":null,"layoutCrossAxisSizing":null,"name":"Dark Yellow/1","isVisible":false,"boundaryRectangle":null,"style":null,"prototypeNodeUUID":null,"child":null,"constraints":null,"description":"","pbdlType":"global_color","color":{"a":1.0,"r":0.1921568661928177,"g":0.1568627506494522,"b":0.027450980618596077}},{"UUID":"9:69","layoutMainAxisSizing":null,"layoutCrossAxisSizing":null,"name":"Dark Color/2","isVisible":false,"boundaryRectangle":null,"style":null,"prototypeNodeUUID":null,"child":null,"constraints":null,"description":"","pbdlType":"global_color","color":{"a":1.0,"r":0.20392157137393951,"g":0.20392157137393951,"b":0.20392157137393951}},{"UUID":"46:3032","layoutMainAxisSizing":null,"layoutCrossAxisSizing":null,"name":"Primary Color/ BG Color","isVisible":false,"boundaryRectangle":null,"style":null,"prototypeNodeUUID":null,"child":null,"constraints":null,"description":"","pbdlType":"global_color","color":{"a":1.0,"r":0.9803921580314636,"g":0.9763921499252319,"b":0.9686274528503418}},{"UUID":"19:673","layoutMainAxisSizing":null,"layoutCrossAxisSizing":null,"name":"Dark Color/7","isVisible":false,"boundaryRectangle":null,"style":null,"prototypeNodeUUID":null,"child":null,"constraints":null,"description":"","pbdlType":"global_color","color":{"a":1.0,"r":0.9686274528503418,"g":0.9686274528503418,"b":0.9686274528503418}},{"UUID":"119:1535","layoutMainAxisSizing":null,"layoutCrossAxisSizing":null,"name":"State Color/ Erorr","isVisible":false,"boundaryRectangle":null,"style":null,"prototypeNodeUUID":null,"child":null,"constraints":null,"description":"","pbdlType":"global_color","color":{"a":1.0,"r":1.0,"g":0.24583333730697632,"b":0.24583333730697632}}],"textStyles":[],"themeColors":[],"themeTextStyles":[]},"pbdlType":"project","azure_container_uri":"https://pbnestcore.blob.core.windows.net/xzbu9stv2yynxfceekdra6"}